file,dataset,model,prompt_style,workflow,n_cases,exact_match_rate,partial_match_rate,macro_f1,hallucination_fp_ratio,avg_latency_sec,avg_tokens,avg_predicted_labels,normal_case_accuracy,abnormal_exact_match_rate,abnormal_partial_match_rate,avg_response_chars
mimic_formal_50_experiment_chexagent.json,mimic_formal_50,chexagent,structured,single_vlm,50,0.06,0.3,0.1181850650882209,0.3509090909090909,1.3214736706018448,22.16,4.24,0.12,0.0,0.48,60.68
mimic_formal_50_experiment_chexagent.json,mimic_formal_50,chexagent,structured,multi_agent,50,0.24,0.32,0.16033587624496715,0.0890909090909091,6.303057932257652,144.46,1.32,0.4,0.08,0.24,89.2
mimic_formal_50_experiment_chexagent_concise.json,mimic_formal_50,chexagent,concise,single_vlm,50,0.06,0.28,0.09281813148092218,0.38,1.4422002104669809,23.94,4.56,0.12,0.0,0.44,65.72
mimic_formal_50_experiment_chexagent_concise.json,mimic_formal_50,chexagent,concise,multi_agent,50,0.38,0.42,0.12694393433992815,0.07272727272727272,3.9608289512991903,70.9,1.26,0.72,0.04,0.12,30.16
mimic_formal_50_experiment_chexagent_labels_only.json,mimic_formal_50,chexagent,labels_only,single_vlm,50,0.06,0.28,0.09417489029557995,0.36727272727272725,1.374586848691106,23.34,4.42,0.12,0.0,0.44,63.56
mimic_formal_50_experiment_chexagent_labels_only.json,mimic_formal_50,chexagent,labels_only,multi_agent,50,0.32,0.46,0.12723600790205783,0.12545454545454546,2.9162754586338995,49.68,1.86,0.64,0.0,0.28,30.54
mimic_formal_50_experiment_medgemma.json,mimic_formal_50,medgemma-27b,structured,single_vlm,50,0.5,0.6,0.1381118881118881,0.04727272727272727,4.861746516525745,104.26,1.12,1.0,0.0,0.2,489.54
mimic_formal_50_experiment_medgemma.json,mimic_formal_50,medgemma-27b,structured,multi_agent,50,0.46,0.74,0.3346110205389369,0.05272727272727273,6.274536563828588,135.14,1.4,0.92,0.0,0.56,31.14
mimic_formal_50_experiment_medgemma_concise.json,mimic_formal_50,medgemma-27b,concise,single_vlm,50,0.52,0.66,0.2627133402995472,0.05090909090909091,3.40965700365603,72.88,1.26,1.0,0.04,0.32,353.52
mimic_formal_50_experiment_medgemma_concise.json,mimic_formal_50,medgemma-27b,concise,multi_agent,50,0.42,0.62,0.21144420796594707,0.08545454545454545,4.168360509648919,87.5,1.64,0.8,0.04,0.44,39.64
mimic_formal_50_experiment_medgemma_concise_medgemma4b_vllm.json,mimic_formal_50,medgemma-4b,concise,single_vlm,50,0.52,0.76,0.20997163755784445,0.04909090909090909,0.2796482522785664,17.48,1.3,1.0,0.04,0.52,75.28
mimic_formal_50_experiment_medgemma_concise_medgemma4b_vllm.json,mimic_formal_50,medgemma-4b,concise,multi_agent,50,0.44,0.66,0.23554612660868865,0.05818181818181818,0.6699222043901681,53.48,1.3,0.88,0.0,0.44,31.48
mimic_formal_50_experiment_medgemma_labels_only.json,mimic_formal_50,medgemma-27b,labels_only,single_vlm,50,0.5,0.6,0.17092665788317962,0.04181818181818182,0.4464035867154598,5.84,1.12,1.0,0.0,0.2,26.82
mimic_formal_50_experiment_medgemma_labels_only.json,mimic_formal_50,medgemma-27b,labels_only,multi_agent,50,0.5,0.68,0.24808959156785243,0.056363636363636366,3.5110935574769973,73.16,1.36,0.96,0.04,0.4,32.74
mimic_formal_50_experiment_medgemma_labels_only_medgemma4b_vllm.json,mimic_formal_50,medgemma-4b,labels_only,single_vlm,50,0.52,0.7,0.2523431031627753,0.04727272727272727,0.19939488865435123,7.54,1.24,0.96,0.08,0.44,29.08
mimic_formal_50_experiment_medgemma_labels_only_medgemma4b_vllm.json,mimic_formal_50,medgemma-4b,labels_only,multi_agent,50,0.48,0.66,0.2283418734644993,0.05272727272727273,0.8011711601912975,67.84,1.32,0.92,0.04,0.4,34.68
mimic_formal_50_experiment_medgemma_medgemma4b_vllm.json,mimic_formal_50,medgemma-4b,structured,single_vlm,50,0.5,0.68,0.23902339493094235,0.04727272727272727,0.7630776064842939,30.24,1.22,0.96,0.04,0.4,137.84
mimic_formal_50_experiment_medgemma_medgemma4b_vllm.json,mimic_formal_50,medgemma-4b,structured,multi_agent,50,0.48,0.64,0.18794186287495832,0.05272727272727273,0.7014665874093771,56.12,1.26,0.96,0.0,0.32,29.88
private_formal_50_experiment_chexagent.json,private_formal_50,chexagent,structured,single_vlm,50,0.36,0.78,0.4358826358826358,0.14727272727272728,0.948511665686965,13.72,2.62,0.64,0.08,0.92,35.78
private_formal_50_experiment_chexagent.json,private_formal_50,chexagent,structured,multi_agent,50,0.52,0.62,0.31746031746031744,0.038181818181818185,4.578999738544225,54.16,1.06,0.96,0.08,0.28,20.02
private_formal_50_experiment_chexagent_concise.json,private_formal_50,chexagent,concise,single_vlm,50,0.32,0.74,0.4285899444029745,0.18181818181818182,1.1077971506118773,15.78,2.98,0.56,0.08,0.92,41.16
private_formal_50_experiment_chexagent_concise.json,private_formal_50,chexagent,concise,multi_agent,50,0.54,0.62,0.2165976535541753,0.04363636363636364,2.9536387451738118,36.9,1.12,1.0,0.08,0.24,13.42
private_formal_50_experiment_chexagent_labels_only.json,private_formal_50,chexagent,labels_only,single_vlm,50,0.46,0.82,0.45714938374784925,0.1290909090909091,0.9967559091746807,11.94,2.46,0.84,0.08,0.8,31.6
private_formal_50_experiment_chexagent_labels_only.json,private_formal_50,chexagent,labels_only,multi_agent,50,0.5,0.56,0.11767676767676766,0.04909090909090909,2.612294387668371,21.9,1.1,1.0,0.0,0.12,8.52
private_formal_50_experiment_medgemma.json,private_formal_50,medgemma-27b,structured,single_vlm,50,0.5,0.54,0.12460416296032734,0.04181818181818182,4.016670703291893,85.64,1,1.0,0.0,0.08,404.72
private_formal_50_experiment_medgemma.json,private_formal_50,medgemma-27b,structured,multi_agent,50,0.46,0.62,0.174025974025974,0.04909090909090909,5.768278171420097,123.74,1.16,0.88,0.04,0.36,26.32
private_formal_50_experiment_medgemma_concise.json,private_formal_50,medgemma-27b,concise,single_vlm,50,0.5,0.52,0.09159779614325067,0.05272727272727273,2.877285355180502,60.8,1.1,1.0,0.0,0.04,295.9
private_formal_50_experiment_medgemma_concise.json,private_formal_50,medgemma-27b,concise,multi_agent,50,0.36,0.64,0.21606173124640976,0.0890909090909091,3.4620245349407197,71.82,1.66,0.64,0.08,0.64,38.3
private_formal_50_experiment_medgemma_concise_medgemma4b_vllm.json,private_formal_50,medgemma-4b,concise,single_vlm,50,0.5,0.56,0.11966000101593322,0.05090909090909091,0.2523711323738098,13.28,1.12,0.84,0.16,0.28,56.54
private_formal_50_experiment_medgemma_concise_medgemma4b_vllm.json,private_formal_50,medgemma-4b,concise,multi_agent,50,0.42,0.54,0.15821833899637103,0.05818181818181818,0.6233367416262626,48.92,1.2,0.8,0.04,0.28,29.14
private_formal_50_experiment_medgemma_labels_only.json,private_formal_50,medgemma-27b,labels_only,single_vlm,50,0.52,0.54,0.11161616161616163,0.04181818181818182,0.41319103688001635,5.1,1,1.0,0.04,0.08,24.22
private_formal_50_experiment_medgemma_labels_only.json,private_formal_50,medgemma-27b,labels_only,multi_agent,50,0.52,0.6,0.16331849968213608,0.05272727272727273,3.246361629962921,67.14,1.2,1.0,0.04,0.2,29.12
private_formal_50_experiment_medgemma_labels_only_medgemma4b_vllm.json,private_formal_50,medgemma-4b,labels_only,single_vlm,50,0.52,0.52,0.08372803666921315,0.04727272727272727,0.18472756005823612,6.36,1.04,0.96,0.08,0.08,25.14
private_formal_50_experiment_medgemma_labels_only_medgemma4b_vllm.json,private_formal_50,medgemma-4b,labels_only,multi_agent,50,0.5,0.56,0.12841953368269157,0.04909090909090909,0.7625975268334151,64.18,1.1,0.92,0.08,0.2,31.4
private_formal_50_experiment_medgemma_medgemma4b_vllm.json,private_formal_50,medgemma-4b,structured,single_vlm,50,0.52,0.56,0.11789977699068609,0.04727272727272727,0.3548762922734022,20,1.08,0.88,0.16,0.24,89.24
private_formal_50_experiment_medgemma_medgemma4b_vllm.json,private_formal_50,medgemma-4b,structured,multi_agent,50,0.5,0.6,0.17883953168044076,0.045454545454545456,0.6254405555129051,50.38,1.1,0.92,0.08,0.28,26.5
