dataset,model,prompt_style,n_cases,partial_recovery,partial_regression,exact_recovery,exact_regression,introduced_fp_on_normal,reduced_fp_on_normal,abnormal_to_normal_collapse
mimic_formal_50,chexagent,concise,50,15,8,16,0,0,15,12
mimic_formal_50,chexagent,labels_only,50,13,4,13,0,0,13,4
mimic_formal_50,chexagent,structured,50,7,6,9,0,0,7,4
mimic_formal_50,medgemma-27b,concise,50,7,9,1,6,5,0,0
mimic_formal_50,medgemma-27b,labels_only,50,6,2,1,1,1,0,0
mimic_formal_50,medgemma-27b,structured,50,9,2,0,2,2,0,1
mimic_formal_50,medgemma-4b,concise,50,3,8,0,4,3,0,2
mimic_formal_50,medgemma-4b,labels_only,50,3,5,1,3,1,0,4
mimic_formal_50,medgemma-4b,structured,50,0,2,0,1,0,0,1
private_formal_50,chexagent,concise,50,11,17,12,1,0,11,18
private_formal_50,chexagent,labels_only,50,5,18,4,2,0,4,18
private_formal_50,chexagent,structured,50,8,16,10,2,0,8,13
private_formal_50,medgemma-27b,concise,50,15,9,2,9,9,0,0
private_formal_50,medgemma-27b,labels_only,50,4,1,1,1,0,0,1
private_formal_50,medgemma-27b,structured,50,8,4,1,3,3,0,0
private_formal_50,medgemma-4b,concise,50,3,4,0,4,1,0,1
private_formal_50,medgemma-4b,labels_only,50,3,1,0,1,1,0,0
private_formal_50,medgemma-4b,structured,50,3,1,1,2,0,1,2
