dataset,model,prompt_style,workflow,n_cases,exact_match,exact_match_rate,conservative_normalization,conservative_normalization_rate,overcall_on_normal,overcall_on_normal_rate,undercall_partial,undercall_partial_rate,overcall_partial,overcall_partial_rate,mixed_partial,mixed_partial_rate,wrong_abnormal_type,wrong_abnormal_type_rate
mimic_formal_50,chexagent,concise,multi_agent,50,19,0.38,16,0.32,7,0.14,0,0.0,1,0.02,1,0.02,6,0.12
mimic_formal_50,chexagent,concise,single_vlm,50,3,0.06,4,0.08,22,0.44,0,0.0,11,0.22,0,0.0,10,0.2
mimic_formal_50,chexagent,labels_only,multi_agent,50,16,0.32,6,0.12,9,0.18,0,0.0,5,0.1,2,0.04,12,0.24
mimic_formal_50,chexagent,labels_only,single_vlm,50,3,0.06,4,0.08,22,0.44,0,0.0,11,0.22,0,0.0,10,0.2
mimic_formal_50,chexagent,structured,multi_agent,50,12,0.24,9,0.18,15,0.3,0,0.0,1,0.02,3,0.06,10,0.2
mimic_formal_50,chexagent,structured,single_vlm,50,3,0.06,6,0.12,22,0.44,0,0.0,11,0.22,1,0.02,7,0.14
mimic_formal_50,medgemma-27b,concise,multi_agent,50,21,0.42,1,0.02,5,0.1,0,0.0,2,0.04,8,0.16,13,0.26
mimic_formal_50,medgemma-27b,concise,single_vlm,50,26,0.52,8,0.16,0,0.0,2,0.04,1,0.02,4,0.08,9,0.18
mimic_formal_50,medgemma-27b,labels_only,multi_agent,50,25,0.5,11,0.22,1,0.02,1,0.02,1,0.02,7,0.14,4,0.08
mimic_formal_50,medgemma-27b,labels_only,single_vlm,50,25,0.5,19,0.38,0,0.0,3,0.06,1,0.02,1,0.02,1,0.02
mimic_formal_50,medgemma-27b,structured,multi_agent,50,23,0.46,5,0.1,2,0.04,7,0.14,1,0.02,6,0.12,6,0.12
mimic_formal_50,medgemma-27b,structured,single_vlm,50,25,0.5,15,0.3,0,0.0,3,0.06,0,0.0,2,0.04,5,0.1
mimic_formal_50,medgemma-4b,concise,multi_agent,50,22,0.44,6,0.12,3,0.06,2,0.04,2,0.04,7,0.14,8,0.16
mimic_formal_50,medgemma-4b,concise,single_vlm,50,26,0.52,8,0.16,0,0.0,1,0.02,3,0.06,8,0.16,4,0.08
mimic_formal_50,medgemma-4b,labels_only,multi_agent,50,24,0.48,10,0.2,2,0.04,4,0.08,1,0.02,4,0.08,5,0.1
mimic_formal_50,medgemma-4b,labels_only,single_vlm,50,26,0.52,12,0.24,1,0.02,0,0.0,2,0.04,7,0.14,2,0.04
mimic_formal_50,medgemma-4b,structured,multi_agent,50,24,0.48,10,0.2,1,0.02,1,0.02,2,0.04,5,0.1,7,0.14
mimic_formal_50,medgemma-4b,structured,single_vlm,50,25,0.5,13,0.26,1,0.02,1,0.02,0,0.0,8,0.16,2,0.04
private_formal_50,chexagent,concise,multi_agent,50,27,0.54,19,0.38,0,0.0,0,0.0,1,0.02,3,0.06,0,0.0
private_formal_50,chexagent,concise,single_vlm,50,16,0.32,1,0.02,11,0.22,0,0.0,16,0.32,5,0.1,1,0.02
private_formal_50,chexagent,labels_only,multi_agent,50,25,0.5,22,0.44,0,0.0,0,0.0,1,0.02,2,0.04,0,0.0
private_formal_50,chexagent,labels_only,single_vlm,50,23,0.46,5,0.1,4,0.08,0,0.0,14,0.28,4,0.08,0,0.0
private_formal_50,chexagent,structured,multi_agent,50,26,0.52,14,0.28,1,0.02,2,0.04,0,0.0,3,0.06,4,0.08
private_formal_50,chexagent,structured,single_vlm,50,18,0.36,1,0.02,9,0.18,1,0.02,16,0.32,4,0.08,1,0.02
private_formal_50,medgemma-27b,concise,multi_agent,50,18,0.36,2,0.04,9,0.18,1,0.02,7,0.14,6,0.12,7,0.14
private_formal_50,medgemma-27b,concise,single_vlm,50,25,0.5,16,0.32,0,0.0,1,0.02,0,0.0,0,0.0,8,0.16
private_formal_50,medgemma-27b,labels_only,multi_agent,50,26,0.52,15,0.3,0,0.0,1,0.02,1,0.02,2,0.04,5,0.1
private_formal_50,medgemma-27b,labels_only,single_vlm,50,26,0.52,22,0.44,0,0.0,1,0.02,0,0.0,0,0.0,1,0.02
private_formal_50,medgemma-27b,structured,multi_agent,50,23,0.46,8,0.16,3,0.06,4,0.08,1,0.02,3,0.06,8,0.16
private_formal_50,medgemma-27b,structured,single_vlm,50,25,0.5,23,0.46,0,0.0,2,0.04,0,0.0,0,0.0,0,0.0
private_formal_50,medgemma-4b,concise,multi_agent,50,21,0.42,12,0.24,5,0.1,1,0.02,2,0.04,3,0.06,6,0.12
private_formal_50,medgemma-4b,concise,single_vlm,50,25,0.5,13,0.26,4,0.08,0,0.0,2,0.04,1,0.02,5,0.1
private_formal_50,medgemma-4b,labels_only,multi_agent,50,25,0.5,15,0.3,2,0.04,0,0.0,1,0.02,2,0.04,5,0.1
private_formal_50,medgemma-4b,labels_only,single_vlm,50,26,0.52,21,0.42,1,0.02,0,0.0,0,0.0,0,0.0,2,0.04
private_formal_50,medgemma-4b,structured,multi_agent,50,25,0.5,16,0.32,2,0.04,2,0.04,2,0.04,1,0.02,2,0.04
private_formal_50,medgemma-4b,structured,single_vlm,50,26,0.52,16,0.32,3,0.06,0,0.0,1,0.02,1,0.02,3,0.06
